insert into Teacher value ('00001', 'Teacher1', 2, 2);
insert into Teacher value ('00002', 'Teacher2', 2, 9);
insert into Teacher value ('00003', 'Teacher3', 1, 1);
insert into Teacher value ('00004', 'Teacher4', 2, 8);
insert into Teacher value ('00005', 'Teacher5', 2, 6);
insert into Teacher value ('00006', 'Teacher6', 2, 6);
insert into Teacher value ('00007', 'Teacher7', 1, 6);
insert into Teacher value ('00008', 'Teacher8', 1, 3);
insert into Teacher value ('00009', 'Teacher9', 2, 2);
insert into Teacher value ('00010', 'Teacher10', 2, 6);
insert into Teacher value ('00011', 'Teacher11', 2, 3);
insert into Teacher value ('00012', 'Teacher12', 2, 4);
insert into Teacher value ('00013', 'Teacher13', 2, 1);
insert into Teacher value ('00014', 'Teacher14', 2, 3);
insert into Teacher value ('00015', 'Teacher15', 1, 4);
insert into Teacher value ('00016', 'Teacher16', 1, 3);
insert into Teacher value ('00017', 'Teacher17', 1, 7);
insert into Teacher value ('00018', 'Teacher18', 2, 9);
insert into Teacher value ('00019', 'Teacher19', 2, 3);
insert into Teacher value ('00020', 'Teacher20', 2, 5);

insert into TeacherAccount value ('00001', 'abc00001', 'verification1');
insert into TeacherAccount value ('00002', 'abc00002', 'verification2');
insert into TeacherAccount value ('00003', 'abc00003', 'verification3');
insert into TeacherAccount value ('00004', 'abc00004', 'verification4');
insert into TeacherAccount value ('00005', 'abc00005', 'verification5');
insert into TeacherAccount value ('00006', 'abc00006', 'verification6');
insert into TeacherAccount value ('00007', 'abc00007', 'verification7');
insert into TeacherAccount value ('00008', 'abc00008', 'verification8');
insert into TeacherAccount value ('00009', 'abc00009', 'verification9');
insert into TeacherAccount value ('00010', 'abc00010', 'verification10');
insert into TeacherAccount value ('00011', 'abc00011', 'verification11');
insert into TeacherAccount value ('00012', 'abc00012', 'verification12');
insert into TeacherAccount value ('00013', 'abc00013', 'verification13');
insert into TeacherAccount value ('00014', 'abc00014', 'verification14');
insert into TeacherAccount value ('00015', 'abc00015', 'verification15');
insert into TeacherAccount value ('00016', 'abc00016', 'verification16');
insert into TeacherAccount value ('00017', 'abc00017', 'verification17');
insert into TeacherAccount value ('00018', 'abc00018', 'verification18');
insert into TeacherAccount value ('00019', 'abc00019', 'verification19');
insert into TeacherAccount value ('00020', 'abc00020', 'verification20');

insert into Paper value (1, 'Paper1', 'PaperSource1', 2016, 3, 6);
insert into Paper value (2, 'Paper2', 'PaperSource2', 2020, 2, 2);
insert into Paper value (3, 'Paper3', 'PaperSource3', 2011, 4, 3);
insert into Paper value (4, 'Paper4', 'PaperSource4', 2020, 2, 1);
insert into Paper value (5, 'Paper5', 'PaperSource5', 2015, 3, 2);
insert into Paper value (6, 'Paper6', 'PaperSource6', 2016, 3, 1);
insert into Paper value (7, 'Paper7', 'PaperSource7', 2011, 2, 1);
insert into Paper value (8, 'Paper8', 'PaperSource8', 2019, 3, 4);
insert into Paper value (9, 'Paper9', 'PaperSource9', 2014, 4, 6);
insert into Paper value (10, 'Paper10', 'PaperSource10', 2020, 1, 2);
insert into Paper value (11, 'Paper11', 'PaperSource11', 2011, 2, 4);
insert into Paper value (12, 'Paper12', 'PaperSource12', 2010, 3, 1);
insert into Paper value (13, 'Paper13', 'PaperSource13', 2018, 2, 5);
insert into Paper value (14, 'Paper14', 'PaperSource14', 2011, 4, 1);
insert into Paper value (15, 'Paper15', 'PaperSource15', 2012, 2, 4);
insert into Paper value (16, 'Paper16', 'PaperSource16', 2018, 1, 3);
insert into Paper value (17, 'Paper17', 'PaperSource17', 2019, 1, 3);
insert into Paper value (18, 'Paper18', 'PaperSource18', 2015, 1, 5);
insert into Paper value (19, 'Paper19', 'PaperSource19', 2014, 1, 6);
insert into Paper value (20, 'Paper20', 'PaperSource20', 2015, 2, 2);

insert into Publish value ('00009', 1, 1, False);
insert into Publish value ('00001', 1, 2, True);
insert into Publish value ('00020', 1, 3, False);
insert into Publish value ('00016', 1, 4, False);
insert into Publish value ('00015', 1, 5, False);
insert into Publish value ('00008', 2, 1, False);
insert into Publish value ('00012', 2, 2, True);
insert into Publish value ('00014', 2, 3, False);
insert into Publish value ('00012', 3, 1, True);
insert into Publish value ('00003', 3, 2, False);
insert into Publish value ('00020', 3, 3, False);
insert into Publish value ('00019', 4, 1, False);
insert into Publish value ('00008', 4, 2, True);
insert into Publish value ('00005', 5, 1, False);
insert into Publish value ('00013', 5, 2, False);
insert into Publish value ('00003', 5, 3, True);
insert into Publish value ('00011', 6, 1, False);
insert into Publish value ('00017', 6, 2, True);
insert into Publish value ('00013', 7, 1, True);
insert into Publish value ('00010', 7, 2, False);
insert into Publish value ('00018', 7, 3, False);
insert into Publish value ('00013', 8, 1, True);
insert into Publish value ('00017', 8, 2, False);
insert into Publish value ('00009', 8, 3, False);
insert into Publish value ('00003', 8, 4, False);
insert into Publish value ('00008', 9, 1, False);
insert into Publish value ('00015', 9, 2, True);
insert into Publish value ('00012', 9, 3, False);
insert into Publish value ('00003', 10, 1, True);
insert into Publish value ('00004', 10, 2, False);
insert into Publish value ('00018', 11, 1, False);
insert into Publish value ('00003', 11, 2, True);
insert into Publish value ('00020', 11, 3, False);
insert into Publish value ('00011', 12, 1, True);
insert into Publish value ('00005', 12, 2, False);
insert into Publish value ('00014', 12, 3, False);
insert into Publish value ('00012', 12, 4, False);
insert into Publish value ('00020', 13, 1, True);
insert into Publish value ('00005', 13, 2, False);
insert into Publish value ('00008', 13, 3, False);
insert into Publish value ('00014', 14, 1, False);
insert into Publish value ('00016', 14, 2, False);
insert into Publish value ('00007', 14, 3, False);
insert into Publish value ('00010', 14, 4, True);
insert into Publish value ('00004', 15, 1, True);
insert into Publish value ('00011', 16, 1, True);
insert into Publish value ('00005', 17, 1, False);
insert into Publish value ('00008', 17, 2, False);
insert into Publish value ('00007', 17, 3, True);
insert into Publish value ('00006', 17, 4, False);
insert into Publish value ('00020', 18, 1, False);
insert into Publish value ('00012', 18, 2, True);
insert into Publish value ('00007', 19, 1, False);
insert into Publish value ('00020', 19, 2, False);
insert into Publish value ('00019', 19, 3, False);
insert into Publish value ('00009', 19, 4, False);
insert into Publish value ('00012', 19, 5, True);
insert into Publish value ('00003', 20, 1, True);

insert into Lesson value ('00001', 'Lesson1', 7, 1);
insert into Lesson value ('00002', 'Lesson2', 6, 3);
insert into Lesson value ('00003', 'Lesson3', 23, 4);
insert into Lesson value ('00004', 'Lesson4', 9, 3);
insert into Lesson value ('00005', 'Lesson5', 13, 2);
insert into Lesson value ('00006', 'Lesson6', 14, 2);
insert into Lesson value ('00007', 'Lesson7', 4, 2);
insert into Lesson value ('00008', 'Lesson8', 6, 2);
insert into Lesson value ('00009', 'Lesson9', 24, 3);
insert into Lesson value ('00010', 'Lesson10', 12, 1);
insert into Lesson value ('00011', 'Lesson11', 9, 3);
insert into Lesson value ('00012', 'Lesson12', 10, 2);
insert into Lesson value ('00013', 'Lesson13', 12, 1);
insert into Lesson value ('00014', 'Lesson14', 2, 2);
insert into Lesson value ('00015', 'Lesson15', 14, 1);
insert into Lesson value ('00016', 'Lesson16', 18, 2);
insert into Lesson value ('00017', 'Lesson17', 13, 2);
insert into Lesson value ('00018', 'Lesson18', 23, 1);
insert into Lesson value ('00019', 'Lesson19', 18, 2);
insert into Lesson value ('00020', 'Lesson20', 12, 4);

insert into Teach value ('00006', '00001', 2017, 1, 7);
insert into Teach value ('00009', '00002', 2015, 1, 6);
insert into Teach value ('00016', '00003', 2016, 1, 7);
insert into Teach value ('00001', '00003', 2016, 2, 9);
insert into Teach value ('00006', '00003', 2016, 3, 7);
insert into Teach value ('00008', '00004', 2014, 1, 9);
insert into Teach value ('00003', '00005', 2012, 1, 8);
insert into Teach value ('00018', '00005', 2012, 2, 3);
insert into Teach value ('00017', '00005', 2012, 3, 2);
insert into Teach value ('00005', '00006', 2015, 1, 3);
insert into Teach value ('00010', '00006', 2015, 2, 5);
insert into Teach value ('00002', '00006', 2015, 3, 6);
insert into Teach value ('00018', '00007', 2016, 1, 4);
insert into Teach value ('00004', '00008', 2018, 1, 4);
insert into Teach value ('00017', '00008', 2018, 2, 1);
insert into Teach value ('00008', '00008', 2018, 3, 1);
insert into Teach value ('00016', '00009', 2020, 1, 8);
insert into Teach value ('00020', '00009', 2020, 2, 6);
insert into Teach value ('00014', '00009', 2020, 3, 10);
insert into Teach value ('00017', '00010', 2014, 1, 3);
insert into Teach value ('00003', '00010', 2014, 2, 8);
insert into Teach value ('00002', '00010', 2014, 3, 1);
insert into Teach value ('00011', '00011', 2017, 1, 1);
insert into Teach value ('00004', '00011', 2017, 2, 8);
insert into Teach value ('00014', '00012', 2017, 1, 10);
insert into Teach value ('00020', '00013', 2019, 1, 2);
insert into Teach value ('00004', '00013', 2019, 2, 4);
insert into Teach value ('00007', '00013', 2019, 3, 6);
insert into Teach value ('00019', '00014', 2010, 1, 2);
insert into Teach value ('00006', '00015', 2018, 1, 7);
insert into Teach value ('00005', '00015', 2018, 2, 7);
insert into Teach value ('00020', '00016', 2018, 1, 9);
insert into Teach value ('00002', '00016', 2018, 2, 9);
insert into Teach value ('00011', '00017', 2016, 1, 1);
insert into Teach value ('00012', '00017', 2016, 2, 10);
insert into Teach value ('00016', '00017', 2016, 3, 2);
insert into Teach value ('00006', '00018', 2020, 1, 10);
insert into Teach value ('00011', '00018', 2020, 2, 6);
insert into Teach value ('00001', '00018', 2020, 3, 7);
insert into Teach value ('00015', '00019', 2017, 1, 8);
insert into Teach value ('00018', '00019', 2017, 2, 5);
insert into Teach value ('00019', '00019', 2017, 3, 5);
insert into Teach value ('00013', '00020', 2014, 1, 3);
insert into Teach value ('00007', '00020', 2014, 2, 9);

insert into Project value ('00001', 'Project1', 'ProjectSource1', 3, 14, 2009, 2010);
insert into Project value ('00002', 'Project2', 'ProjectSource2', 3, 15, 2005, 2012);
insert into Project value ('00003', 'Project3', 'ProjectSource3', 5, 9, 2008, 2017);
insert into Project value ('00004', 'Project4', 'ProjectSource4', 5, 40, 2000, 2018);
insert into Project value ('00005', 'Project5', 'ProjectSource5', 1, 5, 2004, 2016);
insert into Project value ('00006', 'Project6', 'ProjectSource6', 2, 19, 2005, 2011);
insert into Project value ('00007', 'Project7', 'ProjectSource7', 2, 14, 2003, 2017);
insert into Project value ('00008', 'Project8', 'ProjectSource8', 1, 20, 2008, 2017);
insert into Project value ('00009', 'Project9', 'ProjectSource9', 2, 14, 2002, 2018);
insert into Project value ('00010', 'Project10', 'ProjectSource10', 1, 8, 2003, 2015);
insert into Project value ('00011', 'Project11', 'ProjectSource11', 1, 1, 2007, 2010);
insert into Project value ('00012', 'Project12', 'ProjectSource12', 1, 32, 2008, 2015);
insert into Project value ('00013', 'Project13', 'ProjectSource13', 4, 28, 2005, 2018);
insert into Project value ('00014', 'Project14', 'ProjectSource14', 1, 17, 2001, 2020);
insert into Project value ('00015', 'Project15', 'ProjectSource15', 5, 9, 2009, 2018);
insert into Project value ('00016', 'Project16', 'ProjectSource16', 1, 10, 2000, 2013);
insert into Project value ('00017', 'Project17', 'ProjectSource17', 5, 6, 2002, 2013);
insert into Project value ('00018', 'Project18', 'ProjectSource18', 3, 12, 2002, 2010);
insert into Project value ('00019', 'Project19', 'ProjectSource19', 3, 33, 2003, 2010);
insert into Project value ('00020', 'Project20', 'ProjectSource20', 2, 10, 2005, 2015);

insert into Undertake value ('00009', '00001', 1, 7);
insert into Undertake value ('00002', '00001', 2, 7);
insert into Undertake value ('00009', '00002', 1, 7);
insert into Undertake value ('00018', '00002', 2, 8);
insert into Undertake value ('00002', '00003', 1, 9);
insert into Undertake value ('00003', '00004', 1, 10);
insert into Undertake value ('00018', '00004', 2, 9);
insert into Undertake value ('00016', '00004', 3, 7);
insert into Undertake value ('00007', '00004', 4, 6);
insert into Undertake value ('00006', '00004', 5, 8);
insert into Undertake value ('00014', '00005', 1, 5);
insert into Undertake value ('00004', '00006', 1, 9);
insert into Undertake value ('00017', '00006', 2, 10);
insert into Undertake value ('00010', '00007', 1, 6);
insert into Undertake value ('00020', '00007', 2, 2);
insert into Undertake value ('00012', '00007', 3, 4);
insert into Undertake value ('00001', '00007', 4, 2);
insert into Undertake value ('00008', '00008', 1, 3);
insert into Undertake value ('00018', '00008', 2, 8);
insert into Undertake value ('00009', '00008', 3, 5);
insert into Undertake value ('00001', '00008', 4, 4);
insert into Undertake value ('00011', '00009', 1, 5);
insert into Undertake value ('00012', '00009', 2, 9);
insert into Undertake value ('00008', '00010', 1, 8);
insert into Undertake value ('00005', '00011', 1, 1);
insert into Undertake value ('00009', '00012', 1, 9);
insert into Undertake value ('00004', '00012', 2, 2);
insert into Undertake value ('00003', '00012', 3, 9);
insert into Undertake value ('00007', '00012', 4, 5);
insert into Undertake value ('00019', '00012', 5, 7);
insert into Undertake value ('00019', '00013', 1, 7);
insert into Undertake value ('00011', '00013', 2, 5);
insert into Undertake value ('00010', '00013', 3, 10);
insert into Undertake value ('00005', '00013', 4, 2);
insert into Undertake value ('00006', '00013', 5, 4);
insert into Undertake value ('00016', '00014', 1, 4);
insert into Undertake value ('00017', '00014', 2, 3);
insert into Undertake value ('00005', '00014', 3, 4);
insert into Undertake value ('00008', '00014', 4, 6);
insert into Undertake value ('00003', '00015', 1, 3);
insert into Undertake value ('00007', '00015', 2, 6);
insert into Undertake value ('00001', '00016', 1, 8);
insert into Undertake value ('00005', '00016', 2, 2);
insert into Undertake value ('00012', '00017', 1, 3);
insert into Undertake value ('00009', '00017', 2, 2);
insert into Undertake value ('00017', '00017', 3, 1);
insert into Undertake value ('00016', '00018', 1, 4);
insert into Undertake value ('00011', '00018', 2, 8);
insert into Undertake value ('00020', '00019', 1, 10);
insert into Undertake value ('00018', '00019', 2, 8);
insert into Undertake value ('00017', '00019', 3, 7);
insert into Undertake value ('00016', '00019', 4, 8);
insert into Undertake value ('00006', '00020', 1, 6);
insert into Undertake value ('00017', '00020', 2, 4);

