insert into Teacher value ('00001', 'Teacher1', 2, 7);
insert into Teacher value ('00002', 'Teacher2', 1, 8);
insert into Teacher value ('00003', 'Teacher3', 2, 9);
insert into Teacher value ('00004', 'Teacher4', 1, 5);
insert into Teacher value ('00005', 'Teacher5', 1, 5);
insert into Teacher value ('00006', 'Teacher6', 1, 5);
insert into Teacher value ('00007', 'Teacher7', 1, 2);
insert into Teacher value ('00008', 'Teacher8', 2, 1);
insert into Teacher value ('00009', 'Teacher9', 2, 3);
insert into Teacher value ('00010', 'Teacher10', 1, 6);
insert into Teacher value ('00011', 'Teacher11', 1, 4);
insert into Teacher value ('00012', 'Teacher12', 2, 10);
insert into Teacher value ('00013', 'Teacher13', 1, 6);
insert into Teacher value ('00014', 'Teacher14', 2, 7);
insert into Teacher value ('00015', 'Teacher15', 2, 6);
insert into Teacher value ('00016', 'Teacher16', 1, 7);
insert into Teacher value ('00017', 'Teacher17', 1, 9);
insert into Teacher value ('00018', 'Teacher18', 1, 6);
insert into Teacher value ('00019', 'Teacher19', 1, 7);
insert into Teacher value ('00020', 'Teacher20', 2, 8);

insert into TeacherAccount value ('00001', 'abc00001', 'verification1');
insert into TeacherAccount value ('00002', 'abc00002', 'verification2');
insert into TeacherAccount value ('00003', 'abc00003', 'verification3');
insert into TeacherAccount value ('00004', 'abc00004', 'verification4');
insert into TeacherAccount value ('00005', 'abc00005', 'verification5');
insert into TeacherAccount value ('00006', 'abc00006', 'verification6');
insert into TeacherAccount value ('00007', 'abc00007', 'verification7');
insert into TeacherAccount value ('00008', 'abc00008', 'verification8');
insert into TeacherAccount value ('00009', 'abc00009', 'verification9');
insert into TeacherAccount value ('00010', 'abc00010', 'verification10');
insert into TeacherAccount value ('00011', 'abc00011', 'verification11');
insert into TeacherAccount value ('00012', 'abc00012', 'verification12');
insert into TeacherAccount value ('00013', 'abc00013', 'verification13');
insert into TeacherAccount value ('00014', 'abc00014', 'verification14');
insert into TeacherAccount value ('00015', 'abc00015', 'verification15');
insert into TeacherAccount value ('00016', 'abc00016', 'verification16');
insert into TeacherAccount value ('00017', 'abc00017', 'verification17');
insert into TeacherAccount value ('00018', 'abc00018', 'verification18');
insert into TeacherAccount value ('00019', 'abc00019', 'verification19');
insert into TeacherAccount value ('00020', 'abc00020', 'verification20');

insert into Paper value (1, 'Paper1', 'PaperSource1', 2017, 1, 4);
insert into Paper value (2, 'Paper2', 'PaperSource2', 2018, 3, 2);
insert into Paper value (3, 'Paper3', 'PaperSource3', 2016, 2, 6);
insert into Paper value (4, 'Paper4', 'PaperSource4', 2017, 3, 1);
insert into Paper value (5, 'Paper5', 'PaperSource5', 2018, 2, 4);
insert into Paper value (6, 'Paper6', 'PaperSource6', 2013, 3, 5);
insert into Paper value (7, 'Paper7', 'PaperSource7', 2016, 3, 4);
insert into Paper value (8, 'Paper8', 'PaperSource8', 2019, 2, 1);
insert into Paper value (9, 'Paper9', 'PaperSource9', 2017, 3, 2);
insert into Paper value (10, 'Paper10', 'PaperSource10', 2016, 1, 1);
insert into Paper value (11, 'Paper11', 'PaperSource11', 2010, 2, 4);
insert into Paper value (12, 'Paper12', 'PaperSource12', 2019, 3, 4);
insert into Paper value (13, 'Paper13', 'PaperSource13', 2014, 1, 3);
insert into Paper value (14, 'Paper14', 'PaperSource14', 2012, 4, 6);
insert into Paper value (15, 'Paper15', 'PaperSource15', 2017, 3, 5);
insert into Paper value (16, 'Paper16', 'PaperSource16', 2013, 1, 6);
insert into Paper value (17, 'Paper17', 'PaperSource17', 2012, 4, 6);
insert into Paper value (18, 'Paper18', 'PaperSource18', 2019, 4, 1);
insert into Paper value (19, 'Paper19', 'PaperSource19', 2013, 1, 6);
insert into Paper value (20, 'Paper20', 'PaperSource20', 2011, 4, 5);

insert into Publish value ('00006', 1, 1, True);
insert into Publish value ('00012', 1, 2, False);
insert into Publish value ('00009', 2, 1, False);
insert into Publish value ('00016', 2, 2, False);
insert into Publish value ('00006', 2, 3, False);
insert into Publish value ('00011', 2, 4, False);
insert into Publish value ('00007', 2, 5, True);
insert into Publish value ('00008', 3, 1, False);
insert into Publish value ('00001', 3, 2, True);
insert into Publish value ('00020', 4, 1, False);
insert into Publish value ('00013', 4, 2, True);
insert into Publish value ('00012', 4, 3, False);
insert into Publish value ('00009', 4, 4, False);
insert into Publish value ('00020', 5, 1, True);
insert into Publish value ('00005', 6, 1, True);
insert into Publish value ('00012', 6, 2, False);
insert into Publish value ('00007', 7, 1, False);
insert into Publish value ('00017', 7, 2, True);
insert into Publish value ('00001', 7, 3, False);
insert into Publish value ('00008', 8, 1, False);
insert into Publish value ('00002', 8, 2, False);
insert into Publish value ('00020', 8, 3, True);
insert into Publish value ('00004', 8, 4, False);
insert into Publish value ('00005', 8, 5, False);
insert into Publish value ('00001', 9, 1, True);
insert into Publish value ('00010', 10, 1, True);
insert into Publish value ('00011', 10, 2, False);
insert into Publish value ('00008', 11, 1, False);
insert into Publish value ('00020', 11, 2, True);
insert into Publish value ('00009', 11, 3, False);
insert into Publish value ('00002', 11, 4, False);
insert into Publish value ('00020', 12, 1, False);
insert into Publish value ('00011', 12, 2, True);
insert into Publish value ('00009', 12, 3, False);
insert into Publish value ('00001', 12, 4, False);
insert into Publish value ('00003', 12, 5, False);
insert into Publish value ('00005', 13, 1, True);
insert into Publish value ('00015', 14, 1, False);
insert into Publish value ('00020', 14, 2, True);
insert into Publish value ('00003', 14, 3, False);
insert into Publish value ('00004', 15, 1, True);
insert into Publish value ('00015', 16, 1, False);
insert into Publish value ('00016', 16, 2, True);
insert into Publish value ('00012', 17, 1, True);
insert into Publish value ('00018', 18, 1, True);
insert into Publish value ('00006', 19, 1, False);
insert into Publish value ('00015', 19, 2, False);
insert into Publish value ('00002', 19, 3, True);
insert into Publish value ('00004', 19, 4, False);
insert into Publish value ('00004', 20, 1, True);
insert into Publish value ('00013', 20, 2, False);
insert into Publish value ('00010', 20, 3, False);

insert into Lesson value ('00001', 'Lesson1', 19, 1);
insert into Lesson value ('00002', 'Lesson2', 3, 2);
insert into Lesson value ('00003', 'Lesson3', 14, 1);
insert into Lesson value ('00004', 'Lesson4', 2, 2);
insert into Lesson value ('00005', 'Lesson5', 12, 1);
insert into Lesson value ('00006', 'Lesson6', 9, 1);
insert into Lesson value ('00007', 'Lesson7', 13, 2);
insert into Lesson value ('00008', 'Lesson8', 13, 1);
insert into Lesson value ('00009', 'Lesson9', 3, 1);
insert into Lesson value ('00010', 'Lesson10', 1, 2);
insert into Lesson value ('00011', 'Lesson11', 6, 2);
insert into Lesson value ('00012', 'Lesson12', 10, 1);
insert into Lesson value ('00013', 'Lesson13', 7, 2);
insert into Lesson value ('00014', 'Lesson14', 3, 2);
insert into Lesson value ('00015', 'Lesson15', 10, 2);
insert into Lesson value ('00016', 'Lesson16', 9, 1);
insert into Lesson value ('00017', 'Lesson17', 15, 1);
insert into Lesson value ('00018', 'Lesson18', 9, 1);
insert into Lesson value ('00019', 'Lesson19', 20, 2);
insert into Lesson value ('00020', 'Lesson20', 2, 2);

insert into Teach value ('00003', '00001', 2011, 1, 10);
insert into Teach value ('00013', '00001', 2011, 2, 8);
insert into Teach value ('00004', '00001', 2011, 3, 1);
insert into Teach value ('00003', '00002', 2010, 1, 3);
insert into Teach value ('00014', '00003', 2011, 1, 10);
insert into Teach value ('00017', '00003', 2011, 2, 1);
insert into Teach value ('00001', '00003', 2011, 3, 3);
insert into Teach value ('00002', '00004', 2014, 1, 2);
insert into Teach value ('00005', '00005', 2020, 1, 2);
insert into Teach value ('00008', '00005', 2020, 2, 10);
insert into Teach value ('00002', '00006', 2018, 1, 9);
insert into Teach value ('00003', '00007', 2014, 1, 3);
insert into Teach value ('00017', '00007', 2014, 2, 7);
insert into Teach value ('00004', '00007', 2014, 3, 3);
insert into Teach value ('00002', '00008', 2014, 1, 4);
insert into Teach value ('00020', '00008', 2014, 2, 3);
insert into Teach value ('00003', '00008', 2014, 3, 6);
insert into Teach value ('00010', '00009', 2010, 1, 3);
insert into Teach value ('00008', '00010', 2017, 1, 1);
insert into Teach value ('00019', '00011', 2014, 1, 4);
insert into Teach value ('00011', '00011', 2014, 2, 2);
insert into Teach value ('00011', '00012', 2015, 1, 10);
insert into Teach value ('00014', '00013', 2013, 1, 7);
insert into Teach value ('00012', '00014', 2016, 1, 3);
insert into Teach value ('00018', '00015', 2012, 1, 7);
insert into Teach value ('00019', '00015', 2012, 2, 3);
insert into Teach value ('00005', '00016', 2013, 1, 9);
insert into Teach value ('00010', '00017', 2013, 1, 5);
insert into Teach value ('00003', '00017', 2013, 2, 10);
insert into Teach value ('00019', '00018', 2015, 1, 6);
insert into Teach value ('00018', '00018', 2015, 2, 3);
insert into Teach value ('00013', '00019', 2013, 1, 8);
insert into Teach value ('00020', '00019', 2013, 2, 8);
insert into Teach value ('00007', '00019', 2013, 3, 4);
insert into Teach value ('00001', '00020', 2018, 1, 2);

insert into Project value ('00001', 'Project1', 'ProjectSource1', 3, 21, 2006, 2017);
insert into Project value ('00002', 'Project2', 'ProjectSource2', 1, 7, 2004, 2016);
insert into Project value ('00003', 'Project3', 'ProjectSource3', 3, 11, 2001, 2012);
insert into Project value ('00004', 'Project4', 'ProjectSource4', 1, 21, 2000, 2016);
insert into Project value ('00005', 'Project5', 'ProjectSource5', 1, 24, 2008, 2010);
insert into Project value ('00006', 'Project6', 'ProjectSource6', 4, 1, 2010, 2014);
insert into Project value ('00007', 'Project7', 'ProjectSource7', 1, 17, 2006, 2018);
insert into Project value ('00008', 'Project8', 'ProjectSource8', 5, 10, 2000, 2015);
insert into Project value ('00009', 'Project9', 'ProjectSource9', 1, 18, 2010, 2020);
insert into Project value ('00010', 'Project10', 'ProjectSource10', 5, 29, 2008, 2013);
insert into Project value ('00011', 'Project11', 'ProjectSource11', 1, 25, 2009, 2018);
insert into Project value ('00012', 'Project12', 'ProjectSource12', 5, 4, 2001, 2020);
insert into Project value ('00013', 'Project13', 'ProjectSource13', 5, 20, 2009, 2017);
insert into Project value ('00014', 'Project14', 'ProjectSource14', 2, 33, 2000, 2011);
insert into Project value ('00015', 'Project15', 'ProjectSource15', 4, 37, 2007, 2018);
insert into Project value ('00016', 'Project16', 'ProjectSource16', 3, 25, 2006, 2017);
insert into Project value ('00017', 'Project17', 'ProjectSource17', 4, 8, 2001, 2014);
insert into Project value ('00018', 'Project18', 'ProjectSource18', 2, 19, 2009, 2011);
insert into Project value ('00019', 'Project19', 'ProjectSource19', 2, 26, 2002, 2010);
insert into Project value ('00020', 'Project20', 'ProjectSource20', 2, 22, 2002, 2010);

insert into Undertake value ('00015', '00001', 1, 4);
insert into Undertake value ('00011', '00001', 2, 2);
insert into Undertake value ('00007', '00001', 3, 6);
insert into Undertake value ('00019', '00001', 4, 5);
insert into Undertake value ('00001', '00001', 5, 4);
insert into Undertake value ('00009', '00002', 1, 2);
insert into Undertake value ('00017', '00002', 2, 5);
insert into Undertake value ('00010', '00003', 1, 2);
insert into Undertake value ('00005', '00003', 2, 9);
insert into Undertake value ('00014', '00004', 1, 7);
insert into Undertake value ('00017', '00004', 2, 9);
insert into Undertake value ('00016', '00004', 3, 4);
insert into Undertake value ('00009', '00004', 4, 1);
insert into Undertake value ('00009', '00005', 1, 7);
insert into Undertake value ('00012', '00005', 2, 7);
insert into Undertake value ('00015', '00005', 3, 10);
insert into Undertake value ('00002', '00006', 1, 1);
insert into Undertake value ('00007', '00007', 1, 5);
insert into Undertake value ('00004', '00007', 2, 2);
insert into Undertake value ('00013', '00007', 3, 10);
insert into Undertake value ('00009', '00008', 1, 10);
insert into Undertake value ('00005', '00009', 1, 7);
insert into Undertake value ('00019', '00009', 2, 3);
insert into Undertake value ('00018', '00009', 3, 1);
insert into Undertake value ('00007', '00009', 4, 7);
insert into Undertake value ('00009', '00010', 1, 4);
insert into Undertake value ('00015', '00010', 2, 8);
insert into Undertake value ('00007', '00010', 3, 8);
insert into Undertake value ('00020', '00010', 4, 6);
insert into Undertake value ('00003', '00010', 5, 3);
insert into Undertake value ('00020', '00011', 1, 2);
insert into Undertake value ('00018', '00011', 2, 10);
insert into Undertake value ('00005', '00011', 3, 10);
insert into Undertake value ('00017', '00011', 4, 1);
insert into Undertake value ('00010', '00011', 5, 2);
insert into Undertake value ('00006', '00012', 1, 4);
insert into Undertake value ('00014', '00013', 1, 4);
insert into Undertake value ('00009', '00013', 2, 9);
insert into Undertake value ('00006', '00013', 3, 4);
insert into Undertake value ('00017', '00013', 4, 3);
insert into Undertake value ('00016', '00014', 1, 9);
insert into Undertake value ('00013', '00014', 2, 10);
insert into Undertake value ('00020', '00014', 3, 4);
insert into Undertake value ('00017', '00014', 4, 10);
insert into Undertake value ('00020', '00015', 1, 8);
insert into Undertake value ('00012', '00015', 2, 10);
insert into Undertake value ('00015', '00015', 3, 6);
insert into Undertake value ('00018', '00015', 4, 7);
insert into Undertake value ('00006', '00015', 5, 6);
insert into Undertake value ('00020', '00016', 1, 6);
insert into Undertake value ('00017', '00016', 2, 8);
insert into Undertake value ('00019', '00016', 3, 7);
insert into Undertake value ('00004', '00016', 4, 4);
insert into Undertake value ('00005', '00017', 1, 1);
insert into Undertake value ('00006', '00017', 2, 3);
insert into Undertake value ('00001', '00017', 3, 4);
insert into Undertake value ('00015', '00018', 1, 9);
insert into Undertake value ('00002', '00018', 2, 4);
insert into Undertake value ('00014', '00018', 3, 2);
insert into Undertake value ('00020', '00018', 4, 3);
insert into Undertake value ('00011', '00018', 5, 1);
insert into Undertake value ('00005', '00019', 1, 10);
insert into Undertake value ('00016', '00019', 2, 6);
insert into Undertake value ('00003', '00019', 3, 10);
insert into Undertake value ('00011', '00020', 1, 2);
insert into Undertake value ('00005', '00020', 2, 8);
insert into Undertake value ('00010', '00020', 3, 1);
insert into Undertake value ('00017', '00020', 4, 8);
insert into Undertake value ('00012', '00020', 5, 3);

