insert into Teacher value ('00001', 'Teacher1', 1, 7);
insert into Teacher value ('00002', 'Teacher2', 1, 4);
insert into Teacher value ('00003', 'Teacher3', 2, 4);
insert into Teacher value ('00004', 'Teacher4', 1, 5);
insert into Teacher value ('00005', 'Teacher5', 1, 6);
insert into Teacher value ('00006', 'Teacher6', 2, 10);
insert into Teacher value ('00007', 'Teacher7', 1, 6);
insert into Teacher value ('00008', 'Teacher8', 2, 2);
insert into Teacher value ('00009', 'Teacher9', 1, 9);
insert into Teacher value ('00010', 'Teacher10', 2, 1);
insert into Teacher value ('00011', 'Teacher11', 1, 1);
insert into Teacher value ('00012', 'Teacher12', 1, 10);
insert into Teacher value ('00013', 'Teacher13', 1, 7);
insert into Teacher value ('00014', 'Teacher14', 2, 2);
insert into Teacher value ('00015', 'Teacher15', 2, 2);
insert into Teacher value ('00016', 'Teacher16', 2, 4);
insert into Teacher value ('00017', 'Teacher17', 2, 7);
insert into Teacher value ('00018', 'Teacher18', 2, 9);
insert into Teacher value ('00019', 'Teacher19', 1, 9);
insert into Teacher value ('00020', 'Teacher20', 2, 9);

insert into TeacherAccount value ('00001', 'abc00001', 'verification1');
insert into TeacherAccount value ('00002', 'abc00002', 'verification2');
insert into TeacherAccount value ('00003', 'abc00003', 'verification3');
insert into TeacherAccount value ('00004', 'abc00004', 'verification4');
insert into TeacherAccount value ('00005', 'abc00005', 'verification5');
insert into TeacherAccount value ('00006', 'abc00006', 'verification6');
insert into TeacherAccount value ('00007', 'abc00007', 'verification7');
insert into TeacherAccount value ('00008', 'abc00008', 'verification8');
insert into TeacherAccount value ('00009', 'abc00009', 'verification9');
insert into TeacherAccount value ('00010', 'abc00010', 'verification10');
insert into TeacherAccount value ('00011', 'abc00011', 'verification11');
insert into TeacherAccount value ('00012', 'abc00012', 'verification12');
insert into TeacherAccount value ('00013', 'abc00013', 'verification13');
insert into TeacherAccount value ('00014', 'abc00014', 'verification14');
insert into TeacherAccount value ('00015', 'abc00015', 'verification15');
insert into TeacherAccount value ('00016', 'abc00016', 'verification16');
insert into TeacherAccount value ('00017', 'abc00017', 'verification17');
insert into TeacherAccount value ('00018', 'abc00018', 'verification18');
insert into TeacherAccount value ('00019', 'abc00019', 'verification19');
insert into TeacherAccount value ('00020', 'abc00020', 'verification20');

insert into Paper value (1, 'Paper1', 'PaperSource1', 2015, 4, 1);
insert into Paper value (2, 'Paper2', 'PaperSource2', 2020, 2, 1);
insert into Paper value (3, 'Paper3', 'PaperSource3', 2014, 2, 6);
insert into Paper value (4, 'Paper4', 'PaperSource4', 2015, 1, 1);
insert into Paper value (5, 'Paper5', 'PaperSource5', 2011, 4, 2);
insert into Paper value (6, 'Paper6', 'PaperSource6', 2012, 3, 1);
insert into Paper value (7, 'Paper7', 'PaperSource7', 2012, 2, 1);
insert into Paper value (8, 'Paper8', 'PaperSource8', 2018, 1, 4);
insert into Paper value (9, 'Paper9', 'PaperSource9', 2018, 2, 6);
insert into Paper value (10, 'Paper10', 'PaperSource10', 2018, 3, 3);
insert into Paper value (11, 'Paper11', 'PaperSource11', 2020, 4, 4);
insert into Paper value (12, 'Paper12', 'PaperSource12', 2012, 3, 1);
insert into Paper value (13, 'Paper13', 'PaperSource13', 2016, 4, 1);
insert into Paper value (14, 'Paper14', 'PaperSource14', 2010, 3, 3);
insert into Paper value (15, 'Paper15', 'PaperSource15', 2010, 2, 4);
insert into Paper value (16, 'Paper16', 'PaperSource16', 2014, 1, 2);
insert into Paper value (17, 'Paper17', 'PaperSource17', 2014, 3, 1);
insert into Paper value (18, 'Paper18', 'PaperSource18', 2013, 1, 2);
insert into Paper value (19, 'Paper19', 'PaperSource19', 2015, 2, 1);
insert into Paper value (20, 'Paper20', 'PaperSource20', 2018, 2, 4);

insert into Publish value ('00015', 1, 1, True);
insert into Publish value ('00002', 2, 1, True);
insert into Publish value ('00017', 3, 1, True);
insert into Publish value ('00003', 4, 1, False);
insert into Publish value ('00019', 4, 2, False);
insert into Publish value ('00015', 4, 3, True);
insert into Publish value ('00008', 5, 1, True);
insert into Publish value ('00001', 6, 1, False);
insert into Publish value ('00004', 6, 2, False);
insert into Publish value ('00009', 6, 3, False);
insert into Publish value ('00011', 6, 4, False);
insert into Publish value ('00012', 6, 5, True);
insert into Publish value ('00013', 7, 1, True);
insert into Publish value ('00015', 7, 2, False);
insert into Publish value ('00014', 8, 1, True);
insert into Publish value ('00017', 8, 2, False);
insert into Publish value ('00007', 9, 1, True);
insert into Publish value ('00017', 10, 1, True);
insert into Publish value ('00020', 10, 2, False);
insert into Publish value ('00003', 10, 3, False);
insert into Publish value ('00005', 11, 1, True);
insert into Publish value ('00003', 11, 2, False);
insert into Publish value ('00019', 11, 3, False);
insert into Publish value ('00002', 11, 4, False);
insert into Publish value ('00013', 11, 5, False);
insert into Publish value ('00009', 12, 1, False);
insert into Publish value ('00017', 12, 2, False);
insert into Publish value ('00012', 12, 3, True);
insert into Publish value ('00012', 13, 1, False);
insert into Publish value ('00003', 13, 2, True);
insert into Publish value ('00005', 13, 3, False);
insert into Publish value ('00020', 14, 1, True);
insert into Publish value ('00001', 15, 1, True);
insert into Publish value ('00020', 15, 2, False);
insert into Publish value ('00008', 15, 3, False);
insert into Publish value ('00003', 15, 4, False);
insert into Publish value ('00004', 15, 5, False);
insert into Publish value ('00010', 16, 1, False);
insert into Publish value ('00011', 16, 2, True);
insert into Publish value ('00020', 16, 3, False);
insert into Publish value ('00014', 16, 4, False);
insert into Publish value ('00019', 17, 1, True);
insert into Publish value ('00001', 18, 1, False);
insert into Publish value ('00004', 18, 2, False);
insert into Publish value ('00009', 18, 3, True);
insert into Publish value ('00012', 19, 1, True);
insert into Publish value ('00015', 19, 2, False);
insert into Publish value ('00011', 19, 3, False);
insert into Publish value ('00013', 20, 1, True);

insert into Lesson value ('00001', 'Lesson1', 34, 4);
insert into Lesson value ('00002', 'Lesson2', 19, 2);
insert into Lesson value ('00003', 'Lesson3', 17, 3);
insert into Lesson value ('00004', 'Lesson4', 17, 1);
insert into Lesson value ('00005', 'Lesson5', 24, 3);
insert into Lesson value ('00006', 'Lesson6', 13, 4);
insert into Lesson value ('00007', 'Lesson7', 21, 4);
insert into Lesson value ('00008', 'Lesson8', 17, 3);
insert into Lesson value ('00009', 'Lesson9', 19, 3);
insert into Lesson value ('00010', 'Lesson10', 12, 3);
insert into Lesson value ('00011', 'Lesson11', 8, 3);
insert into Lesson value ('00012', 'Lesson12', 21, 3);
insert into Lesson value ('00013', 'Lesson13', 10, 2);
insert into Lesson value ('00014', 'Lesson14', 29, 2);
insert into Lesson value ('00015', 'Lesson15', 22, 3);
insert into Lesson value ('00016', 'Lesson16', 7, 1);
insert into Lesson value ('00017', 'Lesson17', 19, 4);
insert into Lesson value ('00018', 'Lesson18', 8, 1);
insert into Lesson value ('00019', 'Lesson19', 22, 4);
insert into Lesson value ('00020', 'Lesson20', 25, 2);

insert into Teach value ('00007', '00001', 2014, 1, 7);
insert into Teach value ('00015', '00001', 2011, 2, 6);
insert into Teach value ('00003', '00001', 2018, 3, 10);
insert into Teach value ('00008', '00001', 2014, 4, 5);
insert into Teach value ('00005', '00001', 2013, 5, 6);
insert into Teach value ('00008', '00002', 2010, 1, 2);
insert into Teach value ('00015', '00002', 2013, 2, 9);
insert into Teach value ('00002', '00002', 2017, 3, 8);
insert into Teach value ('00007', '00003', 2017, 1, 5);
insert into Teach value ('00008', '00003', 2020, 2, 5);
insert into Teach value ('00020', '00003', 2010, 3, 7);
insert into Teach value ('00020', '00004', 2020, 1, 1);
insert into Teach value ('00018', '00004', 2016, 2, 6);
insert into Teach value ('00005', '00004', 2019, 3, 10);
insert into Teach value ('00008', '00005', 2016, 1, 9);
insert into Teach value ('00006', '00005', 2013, 2, 4);
insert into Teach value ('00002', '00005', 2013, 3, 2);
insert into Teach value ('00009', '00005', 2020, 4, 9);
insert into Teach value ('00013', '00006', 2015, 1, 1);
insert into Teach value ('00019', '00006', 2017, 2, 2);
insert into Teach value ('00016', '00006', 2011, 3, 10);
insert into Teach value ('00009', '00007', 2017, 1, 7);
insert into Teach value ('00016', '00007', 2011, 2, 5);
insert into Teach value ('00014', '00007', 2014, 3, 9);
insert into Teach value ('00016', '00008', 2010, 1, 7);
insert into Teach value ('00007', '00008', 2013, 2, 10);
insert into Teach value ('00015', '00009', 2013, 1, 1);
insert into Teach value ('00013', '00009', 2019, 2, 1);
insert into Teach value ('00018', '00009', 2016, 3, 9);
insert into Teach value ('00010', '00009', 2015, 4, 8);
insert into Teach value ('00018', '00010', 2011, 1, 2);
insert into Teach value ('00003', '00010', 2018, 2, 8);
insert into Teach value ('00014', '00010', 2013, 3, 2);
insert into Teach value ('00020', '00011', 2015, 1, 4);
insert into Teach value ('00006', '00011', 2017, 2, 2);
insert into Teach value ('00013', '00011', 2019, 3, 2);
insert into Teach value ('00018', '00012', 2019, 1, 2);
insert into Teach value ('00002', '00012', 2020, 2, 4);
insert into Teach value ('00019', '00012', 2020, 3, 7);
insert into Teach value ('00016', '00012', 2013, 4, 8);
insert into Teach value ('00005', '00013', 2017, 1, 10);
insert into Teach value ('00005', '00014', 2018, 1, 3);
insert into Teach value ('00009', '00014', 2019, 2, 6);
insert into Teach value ('00015', '00014', 2018, 3, 10);
insert into Teach value ('00003', '00014', 2013, 4, 9);
insert into Teach value ('00010', '00014', 2012, 5, 1);
insert into Teach value ('00020', '00015', 2017, 1, 4);
insert into Teach value ('00008', '00015', 2010, 2, 5);
insert into Teach value ('00019', '00015', 2019, 3, 3);
insert into Teach value ('00001', '00015', 2016, 4, 3);
insert into Teach value ('00004', '00015', 2011, 5, 7);
insert into Teach value ('00004', '00016', 2015, 1, 7);
insert into Teach value ('00009', '00017', 2019, 1, 9);
insert into Teach value ('00004', '00017', 2019, 2, 3);
insert into Teach value ('00012', '00017', 2020, 3, 7);
insert into Teach value ('00001', '00018', 2016, 1, 4);
insert into Teach value ('00003', '00018', 2011, 2, 4);
insert into Teach value ('00002', '00019', 2011, 1, 2);
insert into Teach value ('00020', '00019', 2014, 2, 9);
insert into Teach value ('00005', '00019', 2020, 3, 7);
insert into Teach value ('00019', '00019', 2019, 4, 4);
insert into Teach value ('00006', '00020', 2016, 1, 1);
insert into Teach value ('00020', '00020', 2011, 2, 9);
insert into Teach value ('00001', '00020', 2012, 3, 9);
insert into Teach value ('00012', '00020', 2020, 4, 6);

insert into Project value ('00001', 'Project1', 'ProjectSource1', 4, 25, 2003, 2016);
insert into Project value ('00002', 'Project2', 'ProjectSource2', 4, 14, 2000, 2017);
insert into Project value ('00003', 'Project3', 'ProjectSource3', 4, 19, 2001, 2011);
insert into Project value ('00004', 'Project4', 'ProjectSource4', 2, 20, 2000, 2010);
insert into Project value ('00005', 'Project5', 'ProjectSource5', 3, 28, 2004, 2010);
insert into Project value ('00006', 'Project6', 'ProjectSource6', 3, 22, 2007, 2012);
insert into Project value ('00007', 'Project7', 'ProjectSource7', 5, 10, 2000, 2015);
insert into Project value ('00008', 'Project8', 'ProjectSource8', 5, 31, 2004, 2010);
insert into Project value ('00009', 'Project9', 'ProjectSource9', 1, 10, 2006, 2015);
insert into Project value ('00010', 'Project10', 'ProjectSource10', 5, 29, 2001, 2018);
insert into Project value ('00011', 'Project11', 'ProjectSource11', 2, 17, 2008, 2018);
insert into Project value ('00012', 'Project12', 'ProjectSource12', 1, 9, 2005, 2020);
insert into Project value ('00013', 'Project13', 'ProjectSource13', 5, 16, 2009, 2012);
insert into Project value ('00014', 'Project14', 'ProjectSource14', 5, 36, 2001, 2012);
insert into Project value ('00015', 'Project15', 'ProjectSource15', 1, 1, 2006, 2020);
insert into Project value ('00016', 'Project16', 'ProjectSource16', 5, 2, 2001, 2014);
insert into Project value ('00017', 'Project17', 'ProjectSource17', 5, 21, 2004, 2011);
insert into Project value ('00018', 'Project18', 'ProjectSource18', 2, 28, 2009, 2011);
insert into Project value ('00019', 'Project19', 'ProjectSource19', 1, 20, 2009, 2013);
insert into Project value ('00020', 'Project20', 'ProjectSource20', 4, 20, 2004, 2019);

insert into Undertake value ('00020', '00001', 1, 2);
insert into Undertake value ('00007', '00001', 2, 1);
insert into Undertake value ('00001', '00001', 3, 8);
insert into Undertake value ('00003', '00001', 4, 7);
insert into Undertake value ('00011', '00001', 5, 7);
insert into Undertake value ('00004', '00002', 1, 5);
insert into Undertake value ('00006', '00002', 2, 6);
insert into Undertake value ('00013', '00002', 3, 3);
insert into Undertake value ('00002', '00003', 1, 10);
insert into Undertake value ('00001', '00003', 2, 9);
insert into Undertake value ('00018', '00004', 1, 10);
insert into Undertake value ('00002', '00004', 2, 10);
insert into Undertake value ('00011', '00005', 1, 7);
insert into Undertake value ('00008', '00005', 2, 3);
insert into Undertake value ('00020', '00005', 3, 7);
insert into Undertake value ('00002', '00005', 4, 8);
insert into Undertake value ('00007', '00005', 5, 3);
insert into Undertake value ('00002', '00006', 1, 2);
insert into Undertake value ('00020', '00006', 2, 7);
insert into Undertake value ('00006', '00006', 3, 6);
insert into Undertake value ('00012', '00006', 4, 2);
insert into Undertake value ('00013', '00006', 5, 5);
insert into Undertake value ('00002', '00007', 1, 6);
insert into Undertake value ('00011', '00007', 2, 4);
insert into Undertake value ('00002', '00008', 1, 1);
insert into Undertake value ('00001', '00008', 2, 8);
insert into Undertake value ('00018', '00008', 3, 10);
insert into Undertake value ('00012', '00008', 4, 7);
insert into Undertake value ('00014', '00008', 5, 5);
insert into Undertake value ('00004', '00009', 1, 4);
insert into Undertake value ('00007', '00009', 2, 4);
insert into Undertake value ('00018', '00009', 3, 2);
insert into Undertake value ('00013', '00010', 1, 5);
insert into Undertake value ('00006', '00010', 2, 6);
insert into Undertake value ('00018', '00010', 3, 2);
insert into Undertake value ('00011', '00010', 4, 6);
insert into Undertake value ('00010', '00010', 5, 10);
insert into Undertake value ('00017', '00011', 1, 9);
insert into Undertake value ('00006', '00011', 2, 8);
insert into Undertake value ('00003', '00012', 1, 7);
insert into Undertake value ('00004', '00012', 2, 2);
insert into Undertake value ('00019', '00013', 1, 3);
insert into Undertake value ('00004', '00013', 2, 4);
insert into Undertake value ('00014', '00013', 3, 4);
insert into Undertake value ('00015', '00013', 4, 5);
insert into Undertake value ('00011', '00014', 1, 6);
insert into Undertake value ('00003', '00014', 2, 2);
insert into Undertake value ('00014', '00014', 3, 10);
insert into Undertake value ('00020', '00014', 4, 9);
insert into Undertake value ('00004', '00014', 5, 9);
insert into Undertake value ('00016', '00015', 1, 1);
insert into Undertake value ('00009', '00016', 1, 2);
insert into Undertake value ('00002', '00017', 1, 6);
insert into Undertake value ('00011', '00017', 2, 1);
insert into Undertake value ('00020', '00017', 3, 7);
insert into Undertake value ('00001', '00017', 4, 7);
insert into Undertake value ('00012', '00018', 1, 5);
insert into Undertake value ('00020', '00018', 2, 4);
insert into Undertake value ('00008', '00018', 3, 5);
insert into Undertake value ('00014', '00018', 4, 10);
insert into Undertake value ('00017', '00018', 5, 4);
insert into Undertake value ('00002', '00019', 1, 9);
insert into Undertake value ('00010', '00019', 2, 8);
insert into Undertake value ('00020', '00019', 3, 3);
insert into Undertake value ('00011', '00020', 1, 9);
insert into Undertake value ('00016', '00020', 2, 3);
insert into Undertake value ('00019', '00020', 3, 5);
insert into Undertake value ('00012', '00020', 4, 3);

