insert into Teacher value ('00001', 'Teacher1', 1, 7);
insert into Teacher value ('00002', 'Teacher2', 1, 5);
insert into Teacher value ('00003', 'Teacher3', 1, 10);
insert into Teacher value ('00004', 'Teacher4', 2, 11);
insert into Teacher value ('00005', 'Teacher5', 2, 7);
insert into Teacher value ('00006', 'Teacher6', 1, 7);
insert into Teacher value ('00007', 'Teacher7', 2, 5);
insert into Teacher value ('00008', 'Teacher8', 1, 6);
insert into Teacher value ('00009', 'Teacher9', 2, 11);
insert into Teacher value ('00010', 'Teacher10', 1, 6);
insert into Teacher value ('00011', 'Teacher11', 2, 9);
insert into Teacher value ('00012', 'Teacher12', 1, 4);
insert into Teacher value ('00013', 'Teacher13', 2, 5);
insert into Teacher value ('00014', 'Teacher14', 1, 4);
insert into Teacher value ('00015', 'Teacher15', 1, 8);
insert into Teacher value ('00016', 'Teacher16', 2, 8);
insert into Teacher value ('00017', 'Teacher17', 2, 3);
insert into Teacher value ('00018', 'Teacher18', 1, 3);
insert into Teacher value ('00019', 'Teacher19', 1, 1);
insert into Teacher value ('00020', 'Teacher20', 2, 7);

insert into TeacherAccount value ('00001', 'abc00001', 'verification1');
insert into TeacherAccount value ('00002', 'abc00002', 'verification2');
insert into TeacherAccount value ('00003', 'abc00003', 'verification3');
insert into TeacherAccount value ('00004', 'abc00004', 'verification4');
insert into TeacherAccount value ('00005', 'abc00005', 'verification5');
insert into TeacherAccount value ('00006', 'abc00006', 'verification6');
insert into TeacherAccount value ('00007', 'abc00007', 'verification7');
insert into TeacherAccount value ('00008', 'abc00008', 'verification8');
insert into TeacherAccount value ('00009', 'abc00009', 'verification9');
insert into TeacherAccount value ('00010', 'abc00010', 'verification10');
insert into TeacherAccount value ('00011', 'abc00011', 'verification11');
insert into TeacherAccount value ('00012', 'abc00012', 'verification12');
insert into TeacherAccount value ('00013', 'abc00013', 'verification13');
insert into TeacherAccount value ('00014', 'abc00014', 'verification14');
insert into TeacherAccount value ('00015', 'abc00015', 'verification15');
insert into TeacherAccount value ('00016', 'abc00016', 'verification16');
insert into TeacherAccount value ('00017', 'abc00017', 'verification17');
insert into TeacherAccount value ('00018', 'abc00018', 'verification18');
insert into TeacherAccount value ('00019', 'abc00019', 'verification19');
insert into TeacherAccount value ('00020', 'abc00020', 'verification20');

insert into Paper value (1, 'Paper1', 'PaperSource1', 2016, 3, 1);
insert into Paper value (2, 'Paper2', 'PaperSource2', 2018, 3, 3);
insert into Paper value (3, 'Paper3', 'PaperSource3', 2012, 4, 3);
insert into Paper value (4, 'Paper4', 'PaperSource4', 2017, 1, 4);
insert into Paper value (5, 'Paper5', 'PaperSource5', 2017, 3, 2);
insert into Paper value (6, 'Paper6', 'PaperSource6', 2010, 1, 2);
insert into Paper value (7, 'Paper7', 'PaperSource7', 2011, 1, 3);
insert into Paper value (8, 'Paper8', 'PaperSource8', 2015, 2, 6);
insert into Paper value (9, 'Paper9', 'PaperSource9', 2019, 2, 6);
insert into Paper value (10, 'Paper10', 'PaperSource10', 2012, 3, 2);
insert into Paper value (11, 'Paper11', 'PaperSource11', 2015, 2, 3);
insert into Paper value (12, 'Paper12', 'PaperSource12', 2016, 1, 3);
insert into Paper value (13, 'Paper13', 'PaperSource13', 2016, 4, 6);
insert into Paper value (14, 'Paper14', 'PaperSource14', 2016, 3, 4);
insert into Paper value (15, 'Paper15', 'PaperSource15', 2020, 3, 2);
insert into Paper value (16, 'Paper16', 'PaperSource16', 2015, 1, 5);
insert into Paper value (17, 'Paper17', 'PaperSource17', 2018, 2, 1);
insert into Paper value (18, 'Paper18', 'PaperSource18', 2013, 3, 4);
insert into Paper value (19, 'Paper19', 'PaperSource19', 2018, 1, 1);
insert into Paper value (20, 'Paper20', 'PaperSource20', 2019, 3, 5);

insert into Publish value ('00014', 1, 1, False);
insert into Publish value ('00020', 1, 2, False);
insert into Publish value ('00017', 1, 3, False);
insert into Publish value ('00011', 1, 4, False);
insert into Publish value ('00007', 1, 5, True);
insert into Publish value ('00006', 2, 1, False);
insert into Publish value ('00018', 2, 2, True);
insert into Publish value ('00014', 3, 1, True);
insert into Publish value ('00019', 3, 2, False);
insert into Publish value ('00003', 3, 3, False);
insert into Publish value ('00007', 3, 4, False);
insert into Publish value ('00004', 4, 1, True);
insert into Publish value ('00012', 5, 1, False);
insert into Publish value ('00020', 5, 2, True);
insert into Publish value ('00012', 6, 1, True);
insert into Publish value ('00005', 7, 1, False);
insert into Publish value ('00001', 7, 2, True);
insert into Publish value ('00012', 7, 3, False);
insert into Publish value ('00008', 7, 4, False);
insert into Publish value ('00019', 7, 5, False);
insert into Publish value ('00011', 8, 1, True);
insert into Publish value ('00015', 8, 2, False);
insert into Publish value ('00008', 9, 1, False);
insert into Publish value ('00004', 9, 2, True);
insert into Publish value ('00017', 9, 3, False);
insert into Publish value ('00006', 9, 4, False);
insert into Publish value ('00012', 9, 5, False);
insert into Publish value ('00011', 10, 1, False);
insert into Publish value ('00005', 10, 2, False);
insert into Publish value ('00018', 10, 3, False);
insert into Publish value ('00001', 10, 4, True);
insert into Publish value ('00003', 11, 1, False);
insert into Publish value ('00005', 11, 2, False);
insert into Publish value ('00015', 11, 3, True);
insert into Publish value ('00007', 11, 4, False);
insert into Publish value ('00009', 12, 1, False);
insert into Publish value ('00016', 12, 2, True);
insert into Publish value ('00006', 13, 1, True);
insert into Publish value ('00012', 13, 2, False);
insert into Publish value ('00005', 13, 3, False);
insert into Publish value ('00003', 13, 4, False);
insert into Publish value ('00010', 13, 5, False);
insert into Publish value ('00020', 14, 1, False);
insert into Publish value ('00016', 14, 2, False);
insert into Publish value ('00013', 14, 3, True);
insert into Publish value ('00005', 15, 1, True);
insert into Publish value ('00004', 16, 1, False);
insert into Publish value ('00020', 16, 2, True);
insert into Publish value ('00012', 16, 3, False);
insert into Publish value ('00010', 17, 1, True);
insert into Publish value ('00020', 18, 1, True);
insert into Publish value ('00009', 18, 2, False);
insert into Publish value ('00002', 19, 1, False);
insert into Publish value ('00003', 19, 2, True);
insert into Publish value ('00018', 19, 3, False);
insert into Publish value ('00019', 19, 4, False);
insert into Publish value ('00011', 20, 1, False);
insert into Publish value ('00020', 20, 2, False);
insert into Publish value ('00002', 20, 3, False);
insert into Publish value ('00009', 20, 4, True);

insert into Lesson value ('00001', 'Lesson1', 10, 2);
insert into Lesson value ('00002', 'Lesson2', 14, 2);
insert into Lesson value ('00003', 'Lesson3', 29, 3);
insert into Lesson value ('00004', 'Lesson4', 4, 1);
insert into Lesson value ('00005', 'Lesson5', 20, 4);
insert into Lesson value ('00006', 'Lesson6', 11, 3);
insert into Lesson value ('00007', 'Lesson7', 4, 1);
insert into Lesson value ('00008', 'Lesson8', 2, 2);
insert into Lesson value ('00009', 'Lesson9', 16, 3);
insert into Lesson value ('00010', 'Lesson10', 20, 4);
insert into Lesson value ('00011', 'Lesson11', 30, 1);
insert into Lesson value ('00012', 'Lesson12', 24, 3);
insert into Lesson value ('00013', 'Lesson13', 16, 4);
insert into Lesson value ('00014', 'Lesson14', 31, 3);
insert into Lesson value ('00015', 'Lesson15', 11, 3);
insert into Lesson value ('00016', 'Lesson16', 10, 1);
insert into Lesson value ('00017', 'Lesson17', 8, 1);
insert into Lesson value ('00018', 'Lesson18', 13, 3);
insert into Lesson value ('00019', 'Lesson19', 1, 4);
insert into Lesson value ('00020', 'Lesson20', 4, 4);

insert into Teach value ('00019', '00001', 2013, 1, 10);
insert into Teach value ('00015', '00002', 2014, 1, 4);
insert into Teach value ('00003', '00002', 2015, 2, 10);
insert into Teach value ('00003', '00003', 2011, 1, 3);
insert into Teach value ('00012', '00003', 2014, 2, 8);
insert into Teach value ('00002', '00003', 2018, 3, 6);
insert into Teach value ('00011', '00003', 2020, 4, 5);
insert into Teach value ('00007', '00003', 2018, 5, 7);
insert into Teach value ('00004', '00004', 2016, 1, 4);
insert into Teach value ('00006', '00005', 2014, 1, 7);
insert into Teach value ('00003', '00005', 2018, 2, 3);
insert into Teach value ('00015', '00005', 2011, 3, 10);
insert into Teach value ('00002', '00006', 2011, 1, 10);
insert into Teach value ('00004', '00006', 2017, 2, 1);
insert into Teach value ('00012', '00007', 2015, 1, 2);
insert into Teach value ('00009', '00007', 2013, 2, 1);
insert into Teach value ('00013', '00007', 2013, 3, 1);
insert into Teach value ('00005', '00008', 2016, 1, 2);
insert into Teach value ('00006', '00009', 2013, 1, 2);
insert into Teach value ('00009', '00009', 2019, 2, 10);
insert into Teach value ('00014', '00009', 2017, 3, 2);
insert into Teach value ('00017', '00009', 2014, 4, 2);
insert into Teach value ('00008', '00010', 2020, 1, 1);
insert into Teach value ('00012', '00010', 2013, 2, 5);
insert into Teach value ('00009', '00010', 2015, 3, 5);
insert into Teach value ('00007', '00010', 2018, 4, 8);
insert into Teach value ('00014', '00010', 2011, 5, 1);
insert into Teach value ('00019', '00011', 2010, 1, 9);
insert into Teach value ('00008', '00011', 2013, 2, 8);
insert into Teach value ('00018', '00011', 2018, 3, 8);
insert into Teach value ('00015', '00011', 2010, 4, 5);
insert into Teach value ('00009', '00012', 2010, 1, 4);
insert into Teach value ('00014', '00012', 2018, 2, 10);
insert into Teach value ('00018', '00012', 2011, 3, 2);
insert into Teach value ('00004', '00012', 2010, 4, 8);
insert into Teach value ('00008', '00013', 2017, 1, 8);
insert into Teach value ('00015', '00013', 2016, 2, 8);
insert into Teach value ('00009', '00014', 2012, 1, 6);
insert into Teach value ('00016', '00014', 2018, 2, 9);
insert into Teach value ('00006', '00014', 2018, 3, 7);
insert into Teach value ('00020', '00014', 2014, 4, 9);
insert into Teach value ('00001', '00015', 2015, 1, 4);
insert into Teach value ('00014', '00015', 2019, 2, 7);
insert into Teach value ('00002', '00016', 2020, 1, 2);
insert into Teach value ('00009', '00016', 2012, 2, 8);
insert into Teach value ('00001', '00017', 2016, 1, 2);
insert into Teach value ('00012', '00017', 2014, 2, 6);
insert into Teach value ('00018', '00018', 2013, 1, 5);
insert into Teach value ('00010', '00018', 2011, 2, 5);
insert into Teach value ('00019', '00018', 2016, 3, 3);
insert into Teach value ('00020', '00019', 2010, 1, 1);
insert into Teach value ('00001', '00020', 2015, 1, 4);

insert into Project value ('00001', 'Project1', 'ProjectSource1', 4, 16, 2005, 2019);
insert into Project value ('00002', 'Project2', 'ProjectSource2', 5, 13, 2004, 2011);
insert into Project value ('00003', 'Project3', 'ProjectSource3', 5, 24, 2008, 2013);
insert into Project value ('00004', 'Project4', 'ProjectSource4', 3, 11, 2010, 2015);
insert into Project value ('00005', 'Project5', 'ProjectSource5', 4, 33, 2009, 2010);
insert into Project value ('00006', 'Project6', 'ProjectSource6', 3, 22, 2005, 2019);
insert into Project value ('00007', 'Project7', 'ProjectSource7', 3, 28, 2001, 2015);
insert into Project value ('00008', 'Project8', 'ProjectSource8', 2, 21, 2004, 2016);
insert into Project value ('00009', 'Project9', 'ProjectSource9', 4, 21, 2002, 2017);
insert into Project value ('00010', 'Project10', 'ProjectSource10', 3, 3, 2001, 2019);
insert into Project value ('00011', 'Project11', 'ProjectSource11', 1, 14, 2008, 2016);
insert into Project value ('00012', 'Project12', 'ProjectSource12', 5, 5, 2007, 2015);
insert into Project value ('00013', 'Project13', 'ProjectSource13', 4, 26, 2003, 2018);
insert into Project value ('00014', 'Project14', 'ProjectSource14', 3, 13, 2007, 2017);
insert into Project value ('00015', 'Project15', 'ProjectSource15', 1, 19, 2003, 2015);
insert into Project value ('00016', 'Project16', 'ProjectSource16', 2, 10, 2007, 2012);
insert into Project value ('00017', 'Project17', 'ProjectSource17', 5, 3, 2000, 2011);
insert into Project value ('00018', 'Project18', 'ProjectSource18', 1, 8, 2006, 2015);
insert into Project value ('00019', 'Project19', 'ProjectSource19', 1, 27, 2010, 2019);
insert into Project value ('00020', 'Project20', 'ProjectSource20', 3, 10, 2007, 2017);

insert into Undertake value ('00002', '00001', 1, 4);
insert into Undertake value ('00005', '00001', 2, 6);
insert into Undertake value ('00016', '00001', 3, 6);
insert into Undertake value ('00013', '00002', 1, 7);
insert into Undertake value ('00008', '00002', 2, 6);
insert into Undertake value ('00008', '00003', 1, 6);
insert into Undertake value ('00007', '00003', 2, 3);
insert into Undertake value ('00006', '00003', 3, 5);
insert into Undertake value ('00017', '00003', 4, 6);
insert into Undertake value ('00009', '00003', 5, 4);
insert into Undertake value ('00019', '00004', 1, 4);
insert into Undertake value ('00013', '00004', 2, 7);
insert into Undertake value ('00009', '00005', 1, 8);
insert into Undertake value ('00003', '00005', 2, 3);
insert into Undertake value ('00018', '00005', 3, 7);
insert into Undertake value ('00006', '00005', 4, 8);
insert into Undertake value ('00017', '00005', 5, 7);
insert into Undertake value ('00001', '00006', 1, 3);
insert into Undertake value ('00020', '00006', 2, 1);
insert into Undertake value ('00016', '00006', 3, 5);
insert into Undertake value ('00010', '00006', 4, 5);
insert into Undertake value ('00008', '00006', 5, 8);
insert into Undertake value ('00002', '00007', 1, 2);
insert into Undertake value ('00001', '00007', 2, 5);
insert into Undertake value ('00003', '00007', 3, 6);
insert into Undertake value ('00019', '00007', 4, 7);
insert into Undertake value ('00010', '00007', 5, 8);
insert into Undertake value ('00007', '00008', 1, 1);
insert into Undertake value ('00001', '00008', 2, 3);
insert into Undertake value ('00003', '00008', 3, 8);
insert into Undertake value ('00004', '00008', 4, 9);
insert into Undertake value ('00013', '00009', 1, 8);
insert into Undertake value ('00016', '00009', 2, 10);
insert into Undertake value ('00010', '00009', 3, 3);
insert into Undertake value ('00003', '00010', 1, 3);
insert into Undertake value ('00011', '00011', 1, 4);
insert into Undertake value ('00002', '00011', 2, 10);
insert into Undertake value ('00003', '00012', 1, 5);
insert into Undertake value ('00012', '00013', 1, 3);
insert into Undertake value ('00008', '00013', 2, 9);
insert into Undertake value ('00006', '00013', 3, 9);
insert into Undertake value ('00005', '00013', 4, 1);
insert into Undertake value ('00020', '00013', 5, 4);
insert into Undertake value ('00015', '00014', 1, 3);
insert into Undertake value ('00017', '00014', 2, 3);
insert into Undertake value ('00020', '00014', 3, 4);
insert into Undertake value ('00014', '00014', 4, 3);
insert into Undertake value ('00005', '00015', 1, 7);
insert into Undertake value ('00002', '00015', 2, 2);
insert into Undertake value ('00006', '00015', 3, 10);
insert into Undertake value ('00005', '00016', 1, 3);
insert into Undertake value ('00006', '00016', 2, 7);
insert into Undertake value ('00001', '00017', 1, 1);
insert into Undertake value ('00013', '00017', 2, 2);
insert into Undertake value ('00017', '00018', 1, 8);
insert into Undertake value ('00005', '00019', 1, 2);
insert into Undertake value ('00001', '00019', 2, 4);
insert into Undertake value ('00012', '00019', 3, 8);
insert into Undertake value ('00002', '00019', 4, 4);
insert into Undertake value ('00014', '00019', 5, 9);
insert into Undertake value ('00008', '00020', 1, 3);
insert into Undertake value ('00020', '00020', 2, 3);
insert into Undertake value ('00011', '00020', 3, 3);
insert into Undertake value ('00006', '00020', 4, 1);

